,User_ID,Age,Gender
0,U001,,
1,U002,30,Other
2,U003,23,
3,U004,36,Female
4,U005,34,Female
5,U006,38,Male
6,U007,26,Female
7,U008,26,Female
8,U009,39,Male
9,U010,,
10,U011,18,Female
11,U012,37,Other
12,U013,17,Female
13,U014,39,Female
14,U015,45,Male
15,U016,17,
16,U017,36,Female
18,U019,27,
19,U020,37,Male
20,U021,40,Female
21,U022,42,Other
22,U023,43,Male
25,U026,18,Other
26,U027,22,Female
27,U028,36,Female
28,U029,24,Male
29,U030,33,Male
30,U031,19,Male
31,U032,40,
32,U033,29,Female
34,U035,41,Other
35,U036,17,Other
36,U037,35,Female
37,U038,43,Female
38,U039,22,Other
39,U040,23,Female
40,U041,29,Male
41,U042,32,Male
42,U043,19,Male
43,U044,17,Other
44,U045,21,Female
45,U046,19,Male
46,U047,44,
47,U048,33,Female
48,U049,41,Male
49,U050,49,Male
50,U051,25,Female
51,U052,29,Female
52,U053,46,Female
53,U054,30,Female
54,U055,23,Female
55,U056,,
57,U058,36,Female
58,U059,31,Male
59,U060,33,Male
60,U061,39,Male
61,U062,41,Female
62,U063,40,Female
63,U064,44,
64,U065,30,Male
65,U066,16,Male
66,U067,40,Male
67,U068,22,Male
68,U069,,Female
70,U071,,Male
71,U072,23,Female
72,U073,39,Male
73,U074,26,Female
74,U075,32,Female
76,U077,48,Female
77,U078,20,Female
78,U079,43,Other
80,U081,24,Female
81,U082,23,Female
82,U083,,Male
83,U084,49,Male
84,U085,,Other
85,U086,38,Female
87,U088,37,Female
88,U089,42,Male
89,U090,16,Male
91,U092,18,Male
92,U093,16,Male
93,U094,20,Male
95,U096,29,Male
96,U097,42,Male
97,U098,24,Female
98,U099,30,Female
99,U100,30,Female
100,U101,41,Male
101,U102,,Male
102,U103,47,Male
103,U104,47,Male
105,U106,45,Male
106,U107,38,Male
107,U108,30,Male
108,U109,44,Male
109,U110,28,Male
110,U111,47,Male
111,U112,22,Female
112,U113,37,Female
114,U115,17,Female
115,U116,21,Female
116,U117,43,Male
117,U118,,Female
118,U119,35,Female
119,U120,45,Male
120,U121,26,Male
121,U122,43,Female
122,U123,40,Female
123,U124,48,Male
124,U125,,Male
125,U126,42,Male
126,U127,,Female
127,U128,18,Female
128,U129,21,Male
129,U130,23,Male
130,U131,42,Female
131,U132,,Male
133,U134,39,Female
134,U135,30,Female
135,U136,47,Female
136,U137,47,Female
137,U138,39,Male
138,U139,27,Male
139,U140,17,Female
140,U141,,Male
141,U142,32,Male
142,U143,17,Male
143,U144,17,Male
144,U145,43,Male
145,U146,38,Male
146,U147,47,Male
147,U148,48,Male
148,U149,,Female
149,U150,34,Female
150,U151,17,Female
151,U152,41,Female
152,U153,47,Female
153,U154,21,Male
155,U156,19,
156,U157,26,Female
157,U158,32,Male
158,U159,39,Male
159,U160,20,Male
160,U161,49,Male
161,U162,21,Female
162,U163,37,Female
163,U164,26,Male
164,U165,31,Other
165,U166,48,Female
166,U167,24,Male
167,U168,21,Male
168,U169,31,Male
169,U170,44,Male
170,U171,18,Male
171,U172,35,Male
172,U173,34,Male
174,U175,18,Female
175,U176,34,Male
176,U177,35,Female
177,U178,47,Male
178,U179,22,Other
179,U180,48,Male
180,U181,,Male
181,U182,16,Other
182,U183,26,Female
183,U184,43,Female
184,U185,40,Male
185,U186,,Male
186,U187,46,Female
187,U188,45,Female
188,U189,22,Female
189,U190,31,Female
190,U191,41,Male
191,U192,17,Female
192,U193,16,Male
193,U194,,Male
194,U195,,Male
195,U196,47,Female
196,U197,24,Male
197,U198,34,Male
198,U199,31,Female
199,U200,18,Male
200,U201,35,Female
201,U202,39,Male
202,U203,48,Female
203,U204,39,Female
204,U205,26,Male
205,U206,23,Male
206,U207,35,Male
207,U208,40,Male
208,U209,,Other
209,U210,44,Male
210,U211,33,Female
212,U213,17,Female
213,U214,31,Female
214,U215,48,Female
215,U216,19,Female
216,U217,48,Male
217,U218,29,Male
218,U219,36,Female
219,U220,35,Female
221,U222,22,Male
222,U223,18,Female
223,U224,32,Female
224,U225,48,Male
225,U226,27,Male
226,U227,37,Female
227,U228,,Female
228,U229,45,Female
229,U230,23,Male
230,U231,42,Female
231,U232,42,Male
232,U233,49,Male
233,U234,36,Male
234,U235,45,Female
235,U236,48,Female
236,U237,43,Female
237,U238,,Male
238,U239,20,Female
239,U240,34,Male
240,U241,19,Female
241,U242,32,Male
242,U243,43,Male
243,U244,45,Male
244,U245,44,Male
245,U246,21,Female
246,U247,39,Female
247,U248,90,Male
248,U249,46,Female
249,U250,48,Male
250,U251,36,Female
251,U252,47,Female
252,U253,38,Female
253,U254,48,Male
254,U255,18,Female
255,U256,33,Female
256,U257,40,Male
257,U258,46,Male
258,U259,18,Female
259,U260,39,Female
260,U261,47,Female
261,U262,37,Female
262,U263,38,Female
263,U264,17,Male
264,U265,42,Male
265,U266,17,Male
267,U268,32,Male
268,U269,48,Female
269,U270,24,Female
270,U271,44,Female
271,U272,41,Male
272,U273,40,Female
273,U274,39,Male
274,U275,28,Female
275,U276,22,Male
276,U277,35,Male
277,U278,,Female
278,U279,,Male
279,U280,31,Male
282,U283,38,Female
283,U284,30,Female
284,U285,43,Female
285,U286,49,Male
286,U287,17,Male
287,U288,47,Male
288,U289,38,Female
289,U290,37,Female
290,U291,40,Male
291,U292,37,Male
292,U293,37,Other
293,U294,21,Male
294,U295,30,Female
295,U296,48,Female
296,U297,23,Female
297,U298,20,Male
298,U299,19,Female
299,U300,21,Female
300,U301,47,Female
301,U302,45,
302,U303,31,Female
303,U304,28,Female
305,U306,34,Female
306,U307,32,Female
307,U308,34,Male
308,U309,43,Female
309,U310,41,Female
310,U311,41,Female
311,U312,38,Male
312,U313,24,Male
313,U314,27,Other
314,U315,16,Female
315,U316,16,Male
316,U317,49,Female
317,U318,47,Female
318,U319,40,Female
319,U320,16,Female
320,U321,31,Male
321,U322,,Male
323,U324,44,Female
324,U325,18,Male
325,U326,27,Male
326,U327,41,Male
327,U328,31,Female
328,U329,37,Female
330,U331,29,Male
331,U332,43,Female
332,U333,20,
333,U334,45,Male
334,U335,20,
335,U336,27,Male
336,U337,,Male
337,U338,41,Female
338,U339,41,Male
339,U340,36,Female
340,U341,48,Male
341,U342,45,Female
342,U343,38,Female
343,U344,25,Male
344,U345,20,Female
345,U346,49,Male
346,U347,46,Other
347,U348,71,Male
348,U349,34,Male
349,U350,47,Male
350,U351,16,Other
351,U352,20,Female
352,U353,19,Female
353,U354,31,Male
354,U355,39,Female
355,U356,31,Male
356,U357,17,Female
357,U358,43,Male
358,U359,47,Male
359,U360,42,Male
360,U361,35,Female
363,U364,48,Female
364,U365,48,Male
365,U366,27,Female
366,U367,18,Male
367,U368,16,Male
368,U369,48,Female
369,U370,25,Male
370,U371,44,Male
371,U372,,Female
372,U373,27,Other
373,U374,46,Male
374,U375,17,Male
375,U376,38,Female
376,U377,32,Male
377,U378,41,Male
378,U379,23,Male
379,U380,44,Female
380,U381,41,Female
381,U382,,Male
382,U383,41,Male
383,U384,49,Male
384,U385,22,Female
385,U386,19,Male
386,U387,26,Male
387,U388,44,Female
389,U390,36,Female
390,U391,25,Male
392,U393,39,Male
393,U394,33,Female
394,U395,47,Female
395,U396,39,Female
396,U397,38,Male
397,U398,47,Female
398,U399,27,Male
399,U400,28,Male
400,U401,38,Female
401,U402,40,Male
402,U403,45,Male
403,U404,32,Male
404,U405,35,Male
405,U406,40,Male
406,U407,37,Female
407,U408,28,Male
409,U410,27,
410,U411,34,Male
411,U412,27,Male
412,U413,24,Male
413,U414,22,Female
414,U415,43,Male
416,U417,46,Male
417,U418,34,Female
418,U419,31,Male
419,U420,20,Male
420,U421,27,Other
421,U422,40,Female
422,U423,36,Male
424,U425,31,Female
425,U426,29,Female
426,U427,,Female
427,U428,20,Male
428,U429,38,Male
429,U430,44,Male
430,U431,26,Female
431,U432,33,Female
432,U433,27,Male
433,U434,,Male
434,U435,25,Female
435,U436,32,Other
436,U437,22,Female
437,U438,28,Male
438,U439,94,Male
439,U440,42,Male
440,U441,17,Female
441,U442,20,Male
442,U443,44,Female
443,U444,34,Male
444,U445,23,Female
445,U446,16,Female
446,U447,37,Female
447,U448,32,Male
448,U449,22,Male
449,U450,40,Male
450,U451,19,Female
452,U453,46,Female
453,U454,34,Female
454,U455,42,Female
455,U456,25,Male
456,U457,41,Female
457,U458,34,Male
458,U459,18,Male
459,U460,28,Female
460,U461,43,Male
461,U462,35,Male
462,U463,43,Female
463,U464,23,Male
464,U465,16,
466,U467,28,Male
467,U468,43,Male
468,U469,40,Male
469,U470,48,Female
470,U471,21,
471,U472,47,Female
473,U474,31,Female
474,U475,36,Female
475,U476,26,Female
476,U477,34,Male
477,U478,35,Male
478,U479,33,Male
479,U480,29,
480,U481,30,Male
481,U482,46,Female
482,U483,16,Female
483,U484,18,Male
484,U485,31,Female
485,U486,38,Male
486,U487,26,Male
487,U488,27,Female
488,U489,25,Female
489,U490,47,Female
490,U491,31,Male
492,U493,27,Female
493,U494,39,Female
494,U495,43,Female
496,U497,43,Female
498,U499,23,Male
499,U500,43,Female
