,User_ID,Days_Without_Social_Media,Happiness_Index(1-10),Platform_ID
0,U001,2,10,SM01
1,U002,5,10,SM02
2,U003,1,6,SM03
3,U004,1,8,SM04
4,U005,5,8,SM05
5,U006,4,8,SM02
6,U007,2,7,SM04
7,U008,1,7,SM06
8,U009,6,9,SM03
10,U011,2,7,SM06
11,U012,3,9,SM06
12,U013,7,8,SM03
13,U014,4,8,SM01
14,U015,4,9,SM05
16,U017,4,7,SM01
17,U019,0,9,SM06
19,U021,5,10,SM05
20,U022,5,10,SM04
23,U027,5,6,SM05
24,U028,5,10,SM01
25,U029,5,10,SM05
26,U030,3,8,SM06
28,U032,5,7,SM04
29,U033,2,10,SM02
30,U035,2,9,SM02
31,U036,4,7,SM04
32,U037,0,8,SM01
33,U038,1,10,SM04
34,U039,5,9,SM01
35,U040,5,10,SM01
36,U041,4,10,SM05
37,U042,3,7,SM06
38,U043,0,10,SM02
39,U044,3,10,SM05
40,U045,4,8,SM05
41,U046,2,9,SM01
42,U047,2,8,SM01
43,U048,6,9,SM02
44,U049,3,9,SM04
45,U050,4,9,SM04
46,U051,5,10,SM05
47,U052,1,10,SM03
48,U053,3,10,SM03
49,U054,6,7,SM04
50,U055,7,8,SM03
51,U056,3,10,SM04
52,U058,4,9,SM05
53,U059,3,6,SM06
54,U060,6,7,SM05
55,U061,1,10,SM04
56,U062,2,9,SM04
57,U063,1,10,SM05
58,U064,1,9,SM02
59,U065,4,5,SM04
60,U066,5,10,SM03
62,U068,5,10,SM04
64,U071,3,5,SM03
65,U072,2,8,SM04
68,U075,5,8,SM02
72,U081,2,8,SM06
73,U082,5,8,SM04
74,U083,7,8,SM04
75,U084,2,8,SM05
77,U086,3,9,SM04
78,U088,3,10,SM05
79,U089,6,6,SM06
80,U090,5,10,SM05
81,U092,4,9,SM02
82,U093,6,9,SM02
84,U096,2,10,SM04
85,U097,2,8,SM01
86,U098,0,6,SM01
87,U099,0,8,SM02
88,U100,3,10,SM01
89,U101,6,10,SM06
90,U102,2,7,SM01
91,U103,2,7,SM06
92,U104,6,9,SM01
93,U106,0,6,SM02
94,U107,1,9,SM06
95,U108,2,10,SM05
96,U109,0,7,SM02
97,U110,3,8,SM05
98,U111,5,8,SM04
99,U112,0,6,SM06
100,U113,3,9,SM02
101,U115,3,10,SM04
102,U116,3,10,SM05
103,U117,3,9,SM02
104,U118,1,9,SM06
105,U119,6,9,SM01
106,U120,5,8,SM03
107,U121,5,9,SM05
108,U122,5,10,SM04
109,U123,0,8,SM06
110,U124,5,10,SM03
112,U126,0,9,SM02
114,U128,4,9,SM04
115,U129,6,7,SM06
116,U130,4,9,SM05
117,U131,1,7,SM02
118,U132,6,10,SM02
119,U134,2,9,SM02
120,U135,2,8,SM05
121,U136,0,10,SM06
122,U137,3,10,SM04
124,U139,2,10,SM02
125,U140,4,10,SM05
126,U141,1,10,SM01
127,U142,3,10,SM01
128,U143,4,10,SM02
129,U144,3,8,SM06
130,U145,0,9,SM04
131,U146,2,10,SM02
132,U147,6,9,SM03
133,U148,2,10,SM04
135,U150,3,10,SM02
136,U151,6,6,SM05
137,U152,6,5,SM03
138,U153,5,9,SM02
139,U154,1,8,SM06
140,U156,4,10,SM02
141,U157,2,8,SM06
142,U158,1,8,SM03
143,U159,6,7,SM06
144,U160,2,5,SM06
145,U161,6,8,SM03
146,U162,5,8,SM03
147,U163,4,10,SM06
148,U164,4,8,SM01
149,U165,0,10,SM03
150,U166,3,8,SM02
151,U167,6,7,SM04
152,U168,4,10,SM05
153,U169,3,10,SM06
154,U170,6,10,SM06
155,U171,3,6,SM05
156,U172,2,7,SM01
157,U173,3,8,SM05
158,U175,0,8,SM05
159,U176,4,10,SM06
160,U177,5,8,SM05
161,U178,2,9,SM04
162,U179,5,7,SM02
163,U180,4,7,SM03
164,U181,7,6,SM05
165,U182,1,8,SM06
166,U183,5,10,SM02
167,U184,1,7,SM03
168,U185,0,5,SM06
170,U187,4,10,SM04
171,U188,3,7,SM01
172,U189,2,6,SM04
173,U190,0,10,SM05
174,U191,2,9,SM03
175,U192,3,10,SM05
179,U196,2,8,SM02
180,U197,6,10,SM06
181,U198,1,6,SM03
182,U199,2,10,SM05
183,U200,2,9,SM05
184,U201,4,10,SM01
185,U202,1,9,SM04
186,U203,3,4,SM04
188,U205,2,7,SM05
189,U206,4,10,SM01
190,U207,1,7,SM06
191,U208,1,7,SM02
192,U209,3,9,SM03
194,U211,0,8,SM05
195,U213,5,6,SM02
196,U214,2,9,SM02
197,U215,2,7,SM04
198,U216,5,10,SM03
199,U217,1,10,SM05
200,U218,0,8,SM05
201,U219,4,10,SM02
202,U220,3,9,SM05
203,U222,0,8,SM03
205,U224,3,10,SM01
206,U225,4,5,SM06
207,U226,5,7,SM03
208,U227,3,8,SM03
209,U228,3,10,SM03
210,U229,2,9,SM01
212,U231,1,6,SM02
213,U232,4,8,SM05
214,U233,1,8,SM02
215,U234,4,8,SM04
216,U235,1,10,SM01
217,U236,4,5,SM03
218,U237,3,9,SM02
220,U239,2,9,SM02
221,U240,4,7,SM06
222,U241,1,8,SM03
223,U242,2,5,SM06
224,U243,3,10,SM03
225,U244,0,7,SM01
226,U245,0,10,SM05
227,U246,4,9,SM02
228,U247,3,7,SM02
230,U249,2,4,SM06
231,U250,2,8,SM02
232,U251,3,9,SM01
233,U252,4,8,SM05
234,U253,0,10,SM01
235,U254,6,8,SM06
236,U255,6,9,SM04
237,U256,0,5,SM02
238,U257,5,7,SM01
239,U258,5,9,SM03
240,U259,3,6,SM05
241,U260,0,7,SM01
242,U261,5,10,SM05
245,U264,7,4,SM04
246,U265,4,8,SM04
248,U268,1,8,SM02
250,U270,1,10,SM03
251,U271,2,8,SM06
253,U273,3,6,SM04
254,U274,3,9,SM03
255,U275,0,5,SM04
256,U276,4,10,SM05
257,U277,3,9,SM04
258,U278,1,10,SM03
259,U279,7,10,SM05
260,U280,5,7,SM06
261,U283,5,10,SM02
262,U284,3,7,SM03
263,U285,4,10,SM05
264,U286,4,9,SM02
265,U287,0,7,SM03
266,U288,3,9,SM06
267,U289,3,6,SM06
268,U290,6,9,SM01
270,U292,2,8,SM02
271,U293,3,10,SM05
272,U294,5,10,SM05
273,U295,3,10,SM04
274,U296,2,7,SM06
275,U297,2,8,SM06
276,U298,5,5,SM03
277,U299,4,9,SM01
278,U300,3,10,SM02
279,U301,3,10,SM01
280,U302,2,7,SM01
281,U303,3,8,SM03
282,U304,2,7,SM01
283,U306,6,10,SM03
284,U307,1,7,SM04
285,U308,2,6,SM03
286,U309,0,8,SM01
287,U310,0,7,SM04
288,U311,3,9,SM04
289,U312,2,9,SM04
291,U314,2,8,SM05
292,U315,6,9,SM01
293,U316,5,10,SM04
295,U318,7,8,SM05
296,U319,4,8,SM02
297,U320,6,10,SM01
299,U322,4,8,SM04
302,U326,3,5,SM05
303,U327,5,9,SM04
304,U328,6,8,SM01
305,U329,2,10,SM04
306,U331,3,7,SM01
313,U338,4,7,SM06
314,U339,7,7,SM02
315,U340,5,9,SM03
316,U341,3,8,SM06
317,U342,1,7,SM02
318,U343,1,8,SM06
319,U344,5,8,SM01
320,U345,2,10,SM05
321,U346,1,8,SM06
322,U347,1,10,SM03
323,U348,2,8,SM04
324,U349,5,10,SM02
325,U350,3,8,SM06
326,U351,0,8,SM06
327,U352,3,9,SM03
329,U354,2,6,SM06
330,U355,5,10,SM06
331,U356,2,8,SM05
332,U357,5,10,SM03
333,U358,4,10,SM02
334,U359,5,7,SM02
335,U360,1,8,SM06
336,U361,3,7,SM05
337,U364,5,10,SM02
338,U365,1,9,SM01
339,U366,2,10,SM04
340,U367,1,10,SM06
341,U368,4,10,SM03
342,U369,0,10,SM02
343,U370,4,7,SM01
344,U371,5,10,SM04
346,U373,4,10,SM05
347,U374,5,8,SM03
349,U376,6,10,SM05
350,U377,2,6,SM06
351,U378,3,6,SM05
352,U379,2,10,SM04
353,U380,4,10,SM04
354,U381,2,9,SM06
356,U383,1,9,SM05
357,U384,5,10,SM06
359,U386,2,9,SM02
360,U387,2,7,SM06
361,U388,4,10,SM03
362,U390,3,8,SM03
363,U391,5,8,SM02
364,U393,4,8,SM01
365,U394,4,9,SM01
367,U396,2,8,SM06
368,U397,5,8,SM05
369,U398,2,10,SM02
370,U399,0,10,SM03
371,U400,4,10,SM03
372,U401,1,9,SM03
373,U402,4,10,SM03
374,U403,6,10,SM01
375,U404,4,7,SM03
376,U405,5,6,SM05
377,U406,7,6,SM01
378,U407,5,10,SM03
379,U408,4,10,SM06
380,U410,7,9,SM04
382,U412,2,10,SM01
383,U413,0,6,SM03
384,U414,2,9,SM02
386,U417,3,9,SM01
388,U419,0,10,SM06
389,U420,3,8,SM06
390,U421,5,6,SM04
391,U422,4,8,SM04
392,U423,4,8,SM02
393,U425,3,10,SM04
394,U426,2,8,SM03
395,U427,5,8,SM05
396,U428,5,9,SM05
397,U429,4,8,SM05
398,U430,3,10,SM05
399,U431,3,10,SM04
401,U433,5,7,SM04
403,U435,0,9,SM04
404,U436,5,10,SM05
405,U437,4,7,SM01
406,U438,1,9,SM02
408,U440,4,9,SM01
410,U442,7,10,SM04
411,U443,5,6,SM03
412,U444,4,10,SM04
413,U445,4,7,SM02
414,U446,6,8,SM01
415,U447,5,8,SM02
416,U448,4,7,SM05
417,U449,1,8,SM02
419,U451,1,7,SM05
420,U453,0,6,SM05
421,U454,4,10,SM01
422,U455,3,6,SM02
423,U456,5,9,SM05
424,U457,0,10,SM02
425,U458,5,10,SM01
426,U459,1,7,SM03
427,U460,3,6,SM01
428,U461,5,9,SM06
430,U463,4,10,SM06
431,U464,5,5,SM02
433,U467,3,8,SM04
434,U468,3,9,SM02
435,U469,1,10,SM01
436,U470,5,8,SM04
437,U471,4,7,SM03
438,U472,3,10,SM06
439,U474,3,10,SM06
440,U475,3,8,SM04
442,U477,4,10,SM05
443,U478,4,10,SM03
444,U479,2,9,SM04
446,U481,2,7,SM03
447,U482,2,4,SM03
448,U483,0,8,SM05
449,U484,3,10,SM04
450,U485,0,9,SM02
452,U487,2,10,SM06
453,U488,5,8,SM01
454,U489,1,7,SM01
455,U490,1,10,SM06
457,U493,6,9,SM01
458,U494,1,10,SM01
460,U497,5,9,SM01
461,U499,0,9,SM01
462,U500,3,7,SM05
